Workbook

Sheet Dashboard
A1: One Team Project Score Tracker
A3: Team name | B3: My Team
A5: How to use: check Full? to award the full mark, or leave it unchecked and type a partial score. Earned cells turn red at 0, yellow for partial, and green at full marks.
A7: Phase | B7: Score | C7: Maximum | D7: Progress | F7: Scoring logic preserved
A8: Phase 0 | B8: =IF(_logic_p0!BA5="",0,_logic_p0!BA5) -> 0 | C8: =_logic_p0!BA4 -> 380 | D8: =IF(C8=0,0,B8/C8) -> 0 | F8: Phase 1 keeps the original mandatory-vs-bonus calculation. Phase 2 keeps the original mandatory, beauty, capped-core, and bonus formulas, including the beauty-overflow / 3 bonus rule. The hidden logic sheets keep the original horizontal formula structure.
A9: Phase 1 Mandatory | B9: =_logic_p1!EE5 -> 0 | C9: =_logic_p1!EE4 -> 5495 | D9: =IF(C9=0,0,B9/C9) -> 0
A10: Phase 1 Bonus | B10: =_logic_p1!EF5 -> 0 | C10: =_logic_p1!EF4 -> 60 | D10: =IF(C10=0,0,B10/C10) -> 0
A11: Phase 2 Mandatory | B11: =_logic_p2!IF5 -> 3740 | C11: =_logic_p2!IF4 -> 4045 | D11: =IF(C11=0,0,B11/C11) -> 0.92459827
A12: Phase 2 Beauty | B12: =_logic_p2!IG5 -> 365 | C12: =_logic_p2!IG4 -> 2425 | D12: =IF(C12=0,0,B12/C12) -> 0.15051546
A13: Phase 2 Capped Core | B13: =_logic_p2!IH5 -> 4045 | C13: =_logic_p2!IH4 -> 4045 | D13: =IF(C13=0,0,B13/C13) -> 1
A14: Phase 2 Bonus | B14: =_logic_p2!II5 -> 20 | C14: =_logic_p2!II4 -> 835 | D14: =IF(C14=0,0,B14/C14) -> 0.023952096
A16: Use the Phase 0 / Phase 1 / Phase 2 tabs to score the team.

Sheet Phase 0
A1: Phase 0 — One Team Score Tracker
A3: Team name | B3: =Dashboard!$B$3 -> My Team
A5: Check Full? for all points. Leave it unchecked and type a partial score when you earned some, but not all, of the points.
A7: Total
A8: =IF(_logic_p0!BA5="",0,_logic_p0!BA5)&" / "&_logic_p0!BA4 -> 0 / 380
A10: Section | B10: Subsection | C10: Scoring title | D10: Max pts | E10: Full? | F10: Partial score | G10: Earned | H10: Remaining | I10: What should I do? | J10: Scoring bucket | K10: Original col
A11: Github | B11: اضافه شدن اعضا به تیم در گیت‌‌هاب یا هم‌گیت | C11: اضافه شدن اعضا به تیم در گیت‌‌هاب یا هم‌گیت | D11: 5 | E11: FALSE | G11: =IF(E11,D11,IF(F11="",0,MIN(MAX(F11,0),D11))) -> 0 | H11: =MAX(D11-G11,0) -> 5 | I11: =IF(D11=0,"No points attached",IF(G11=D11,"Done",IF(G11=0,"Do: "&C11,"Finish: "&C11&" ("&TEXT(H11,"0.##")&" pts left)"))) -> Do: اضافه شدن اعضا به تیم در گیت‌‌هاب یا هم‌گیت | J11: Core | K11: B
A12: Github | B12: کامیت نام و شماره دانشجویی اعضا | C12: کامیت نام و شماره دانشجویی اعضا | D12: 5 | E12: FALSE | G12: =IF(E12,D12,IF(F12="",0,MIN(MAX(F12,0),D12))) -> 0 | H12: =MAX(D12-G12,0) -> 5 | I12: =IF(D12=0,"No points attached",IF(G12=D12,"Done",IF(G12=0,"Do: "&C12,"Finish: "&C12&" ("&TEXT(H12,"0.##")&" pts left)"))) -> Do: کامیت نام و شماره دانشجویی اعضا | J12: Core | K12: C
A13: UML | B13: مدیریت کاربران | C13: نام کاربری | D13: 5 | E13: FALSE | G13: =IF(E13,D13,IF(F13="",0,MIN(MAX(F13,0),D13))) -> 0 | H13: =MAX(D13-G13,0) -> 5 | I13: =IF(D13=0,"No points attached",IF(G13=D13,"Done",IF(G13=0,"Do: "&C13,"Finish: "&C13&" ("&TEXT(H13,"0.##")&" pts left)"))) -> Do: نام کاربری | J13: Core | K13: D
A14: UML | B14: مدیریت کاربران | C14: رمز عبور | D14: 5 | E14: FALSE | G14: =IF(E14,D14,IF(F14="",0,MIN(MAX(F14,0),D14))) -> 0 | H14: =MAX(D14-G14,0) -> 5 | I14: =IF(D14=0,"No points attached",IF(G14=D14,"Done",IF(G14=0,"Do: "&C14,"Finish: "&C14&" ("&TEXT(H14,"0.##")&" pts left)"))) -> Do: رمز عبور | J14: Core | K14: E
A15: UML | B15: مدیریت کاربران | C15: پیشرفت بازی | D15: 5 | E15: FALSE | G15: =IF(E15,D15,IF(F15="",0,MIN(MAX(F15,0),D15))) -> 0 | H15: =MAX(D15-G15,0) -> 5 | I15: =IF(D15=0,"No points attached",IF(G15=D15,"Done",IF(G15=0,"Do: "&C15,"Finish: "&C15&" ("&TEXT(H15,"0.##")&" pts left)"))) -> Do: پیشرفت بازی | J15: Core | K15: F
A16: UML | B16: مدیریت منوها | C16: منوهای مختلف | D16: 5 | E16: FALSE | G16: =IF(E16,D16,IF(F16="",0,MIN(MAX(F16,0),D16))) -> 0 | H16: =MAX(D16-G16,0) -> 5 | I16: =IF(D16=0,"No points attached",IF(G16=D16,"Done",IF(G16=0,"Do: "&C16,"Finish: "&C16&" ("&TEXT(H16,"0.##")&" pts left)"))) -> Do: منوهای مختلف | J16: Core | K16: G
A17: UML | B17: مدیریت منوها | C17: وضعیت فعلی | D17: 5 | E17: FALSE | G17: =IF(E17,D17,IF(F17="",0,MIN(MAX(F17,0),D17))) -> 0 | H17: =MAX(D17-G17,0) -> 5 | I17: =IF(D17=0,"No points attached",IF(G17=D17,"Done",IF(G17=0,"Do: "&C17,"Finish: "&C17&" ("&TEXT(H17,"0.##")&" pts left)"))) -> Do: وضعیت فعلی | J17: Core | K17: H
A18: UML | B18: مدیریت منوها | C18: تغییر منو | D18: 5 | E18: FALSE | G18: =IF(E18,D18,IF(F18="",0,MIN(MAX(F18,0),D18))) -> 0 | H18: =MAX(D18-G18,0) -> 5 | I18: =IF(D18=0,"No points attached",IF(G18=D18,"Done",IF(G18=0,"Do: "&C18,"Finish: "&C18&" ("&TEXT(H18,"0.##")&" pts left)"))) -> Do: تغییر منو | J18: Core | K18: I
A19: UML | B19: مدیریت منوها | C19: ورودی کاربر | D19: 5 | E19: FALSE | G19: =IF(E19,D19,IF(F19="",0,MIN(MAX(F19,0),D19))) -> 0 | H19: =MAX(D19-G19,0) -> 5 | I19: =IF(D19=0,"No points attached",IF(G19=D19,"Done",IF(G19=0,"Do: "&C19,"Finish: "&C19&" ("&TEXT(H19,"0.##")&" pts left)"))) -> Do: ورودی کاربر | J19: Core | K19: J
A20: UML | B20: بازی اصلی | C20: میزان خورشید | D20: 5 | E20: FALSE | G20: =IF(E20,D20,IF(F20="",0,MIN(MAX(F20,0),D20))) -> 0 | H20: =MAX(D20-G20,0) -> 5 | I20: =IF(D20=0,"No points attached",IF(G20=D20,"Done",IF(G20=0,"Do: "&C20,"Finish: "&C20&" ("&TEXT(H20,"0.##")&" pts left)"))) -> Do: میزان خورشید | J20: Core | K20: K
A21: UML | B21: بازی اصلی | C21: وضعیت بازی | D21: 5 | E21: FALSE | G21: =IF(E21,D21,IF(F21="",0,MIN(MAX(F21,0),D21))) -> 0 | H21: =MAX(D21-G21,0) -> 5 | I21: =IF(D21=0,"No points attached",IF(G21=D21,"Done",IF(G21=0,"Do: "&C21,"Finish: "&C21&" ("&TEXT(H21,"0.##")&" pts left)"))) -> Do: وضعیت بازی | J21: Core | K21: L
A22: UML | B22: مینی‌گیم‌ها | C22: قوانین اختصاصی | D22: 5 | E22: FALSE | G22: =IF(E22,D22,IF(F22="",0,MIN(MAX(F22,0),D22))) -> 0 | H22: =MAX(D22-G22,0) -> 5 | I22: =IF(D22=0,"No points attached",IF(G22=D22,"Done",IF(G22=0,"Do: "&C22,"Finish: "&C22&" ("&TEXT(H22,"0.##")&" pts left)"))) -> Do: قوانین اختصاصی | J22: Core | K22: M
... A61: HardCode | B61: برای مثال باید بتوان به راحتی زامبی یا گیاه جدید اضافه کرد | C61: برای مثال باید بتوان به راحتی زامبی یا گیاه جدید اضافه کرد | D61: 100 | E61: FALSE | G61: =IF(E61,D61,IF(F61="",0,MIN(MAX(F61,0),D61))) -> 0 | H61: =MAX(D61-G61,0) -> 100 | I61: =IF(D61=0,"No points attached",IF(G61=D61,"Done",IF(G61=0,"Do: "&C61,"Finish: "&C61&" ("&TEXT(H61,"0.##")&" pts left)"))) -> Do: برای مثال باید بتوان به راحتی زامبی یا گیاه جدید اضافه کرد | J61: Core | K61: AZ

Sheet Phase 1
A1: Phase 1 — One Team Score Tracker
A3: Team name | B3: =Dashboard!$B$3 -> My Team
A5: Check Full? for all points. Leave it unchecked and type a partial score when you earned some, but not all, of the points.
A7: Mandatory | C7: Bonus
A8: =_logic_p1!EE5&" / "&_logic_p1!EE4 -> 0 / 5495 | C8: =_logic_p1!EF5&" / "&_logic_p1!EF4 -> 0 / 60
A10: Section | B10: Subsection | C10: Scoring title | D10: Max pts | E10: Full? | F10: Partial score | G10: Earned | H10: Remaining | I10: What should I do? | J10: Scoring bucket | K10: Original col
A11: زیرساخت | B11: github | C11: tag | D11: 5 | E11: FALSE | G11: =IF(E11,D11,IF(F11="",0,MIN(MAX(F11,0),D11))) -> 0 | H11: =MAX(D11-G11,0) -> 5 | I11: =IF(D11=0,"No points attached",IF(G11=D11,"Done",IF(G11=0,"Do: "&C11,"Finish: "&C11&" ("&TEXT(H11,"0.##")&" pts left)"))) -> Do: tag | J11: Mandatory | K11: B
A12: زیرساخت | B12: پروژه | C12: dependency management | D12: 0 | E12: FALSE | G12: =IF(E12,D12,IF(F12="",0,MIN(MAX(F12,0),D12))) -> 0 | H12: =MAX(D12-G12,0) -> 0 | I12: =IF(D12=0,"No points attached",IF(G12=D12,"Done",IF(G12=0,"Do: "&C12,"Finish: "&C12&" ("&TEXT(H12,"0.##")&" pts left)"))) -> No points attached | J12: Mandatory | K12: C
A13: زیرساخت | B13: پروژه | C13: معماری مشخص | D13: 25 | E13: FALSE | G13: =IF(E13,D13,IF(F13="",0,MIN(MAX(F13,0),D13))) -> 0 | H13: =MAX(D13-G13,0) -> 25 | I13: =IF(D13=0,"No points attached",IF(G13=D13,"Done",IF(G13=0,"Do: "&C13,"Finish: "&C13&" ("&TEXT(H13,"0.##")&" pts left)"))) -> Do: معماری مشخص | J13: Mandatory | K13: D
A14: شروع بازی و منوها | B14: منوی ثبت‌نام | C14: قابلیت ساخت کاربر جدید | D14: 15 | E14: FALSE | G14: =IF(E14,D14,IF(F14="",0,MIN(MAX(F14,0),D14))) -> 0 | H14: =MAX(D14-G14,0) -> 15 | I14: =IF(D14=0,"No points attached",IF(G14=D14,"Done",IF(G14=0,"Do: "&C14,"Finish: "&C14&" ("&TEXT(H14,"0.##")&" pts left)"))) -> Do: قابلیت ساخت کاربر جدید | J14: Mandatory | K14: E
A15: شروع بازی و منوها | B15: منوی ثبت‌نام | C15: پرسش امنیتی | D15: 10 | E15: FALSE | G15: =IF(E15,D15,IF(F15="",0,MIN(MAX(F15,0),D15))) -> 0 | H15: =MAX(D15-G15,0) -> 10 | I15: =IF(D15=0,"No points attached",IF(G15=D15,"Done",IF(G15=0,"Do: "&C15,"Finish: "&C15&" ("&TEXT(H15,"0.##")&" pts left)"))) -> Do: پرسش امنیتی | J15: Mandatory | K15: F
A16: شروع بازی و منوها | B16: منوی ثبت‌نام | C16: SHA-256 (امتیازی) | D16: 2 | E16: FALSE | G16: =IF(E16,D16,IF(F16="",0,MIN(MAX(F16,0),D16))) -> 0 | H16: =MAX(D16-G16,0) -> 2 | I16: =IF(D16=0,"No points attached",IF(G16=D16,"Done",IF(G16=0,"Do: "&C16,"Finish: "&C16&" ("&TEXT(H16,"0.##")&" pts left)"))) -> Do: SHA-256 (امتیازی) | J16: Bonus | K16: G
A17: شروع بازی و منوها | B17: منوی ورود | C17: ورود | D17: 10 | E17: FALSE | G17: =IF(E17,D17,IF(F17="",0,MIN(MAX(F17,0),D17))) -> 0 | H17: =MAX(D17-G17,0) -> 10 | I17: =IF(D17=0,"No points attached",IF(G17=D17,"Done",IF(G17=0,"Do: "&C17,"Finish: "&C17&" ("&TEXT(H17,"0.##")&" pts left)"))) -> Do: ورود | J17: Mandatory | K17: H
A18: شروع بازی و منوها | B18: منوی ورود | C18: stay logged in | D18: 10 | E18: FALSE | G18: =IF(E18,D18,IF(F18="",0,MIN(MAX(F18,0),D18))) -> 0 | H18: =MAX(D18-G18,0) -> 10 | I18: =IF(D18=0,"No points attached",IF(G18=D18,"Done",IF(G18=0,"Do: "&C18,"Finish: "&C18&" ("&TEXT(H18,"0.##")&" pts left)"))) -> Do: stay logged in | J18: Mandatory | K18: I
A19: شروع بازی و منوها | B19: منوی ورود | C19: فراموشی رمز عبور | D19: 10 | E19: FALSE | G19: =IF(E19,D19,IF(F19="",0,MIN(MAX(F19,0),D19))) -> 0 | H19: =MAX(D19-G19,0) -> 10 | I19: =IF(D19=0,"No points attached",IF(G19=D19,"Done",IF(G19=0,"Do: "&C19,"Finish: "&C19&" ("&TEXT(H19,"0.##")&" pts left)"))) -> Do: فراموشی رمز عبور | J19: Mandatory | K19: J
A20: شروع بازی و منوها | B20: منوی اصلی | C20: نمایش منوها | D20: 5 | E20: FALSE | G20: =IF(E20,D20,IF(F20="",0,MIN(MAX(F20,0),D20))) -> 0 | H20: =MAX(D20-G20,0) -> 5 | I20: =IF(D20=0,"No points attached",IF(G20=D20,"Done",IF(G20=0,"Do: "&C20,"Finish: "&C20&" ("&TEXT(H20,"0.##")&" pts left)"))) -> Do: نمایش منوها | J20: Mandatory | K20: K
A21: شروع بازی و منوها | B21: منوی اصلی | C21: ورود به منوها | D21: 10 | E21: FALSE | G21: =IF(E21,D21,IF(F21="",0,MIN(MAX(F21,0),D21))) -> 0 | H21: =MAX(D21-G21,0) -> 10 | I21: =IF(D21=0,"No points attached",IF(G21=D21,"Done",IF(G21=0,"Do: "&C21,"Finish: "&C21&" ("&TEXT(H21,"0.##")&" pts left)"))) -> Do: ورود به منوها | J21: Mandatory | K21: L
A22: شروع بازی و منوها | B22: منوی اصلی | C22: خروج | D22: 5 | E22: FALSE | G22: =IF(E22,D22,IF(F22="",0,MIN(MAX(F22,0),D22))) -> 0 | H22: =MAX(D22-G22,0) -> 5 | I22: =IF(D22=0,"No points attached",IF(G22=D22,"Done",IF(G22=0,"Do: "&C22,"Finish: "&C22&" ("&TEXT(H22,"0.##")&" pts left)"))) -> Do: خروج | J22: Mandatory | K22: M
... A138: تجربه ی کاربری | B138: UX | C138: راحتی، زیبایی، روان بودن، کرش نکردن | D138: 400 | E138: FALSE | G138: =IF(E138,D138,IF(F138="",0,MIN(MAX(F138,0),D138))) -> 0 | H138: =MAX(D138-G138,0) -> 400 | I138: =IF(D138=0,"No points attached",IF(G138=D138,"Done",IF(G138=0,"Do: "&C138,"Finish: "&C138&" ("&TEXT(H138,"0.##")&" pts left)"))) -> Do: راحتی، زیبایی، روان بودن، کرش نکردن | J138: Mandatory | K138: DZ

Sheet Phase 2
A1: Phase 2 — One Team Score Tracker
A3: Team name | B3: =Dashboard!$B$3 -> My Team
A5: Check Full? for all points. Leave it unchecked and type a partial score when you earned some, but not all, of the points.
A7: Mandatory | C7: Beauty | E7: Capped core | G7: Bonus
A8: =_logic_p2!IF5&" / "&_logic_p2!IF4 -> 3740 / 4045 | C8: =_logic_p2!IG5&" / "&_logic_p2!IG4 -> 365 / 2425 | E8: =_logic_p2!IH5&" / "&_logic_p2!IH4 -> 4045 / 4045 | G8: =_logic_p2!II5&" / "&_logic_p2!II4 -> 20 / 835
A10: Section | B10: Subsection | C10: Scoring title | D10: Max pts | E10: Full? | F10: Partial score | G10: Earned | H10: Remaining | I10: What should I do? | J10: Scoring bucket | K10: Original col
A11: زیرساخت | B11: github | C11: tag | D11: 5 | E11: TRUE | G11: =IF(E11,D11,IF(F11="",0,MIN(MAX(F11,0),D11))) -> 5 | H11: =MAX(D11-G11,0) -> 0 | I11: =IF(D11=0,"No points attached",IF(G11=D11,"Done",IF(G11=0,"Do: "&C11,"Finish: "&C11&" ("&TEXT(H11,"0.##")&" pts left)"))) -> Done | J11: Not counted in Phase 2 total | K11: B
A12: زیرساخت | B12: پروژه | C12: dependency management | D12: 0 | E12: TRUE | G12: =IF(E12,D12,IF(F12="",0,MIN(MAX(F12,0),D12))) -> 0 | H12: =MAX(D12-G12,0) -> 0 | I12: =IF(D12=0,"No points attached",IF(G12=D12,"Done",IF(G12=0,"Do: "&C12,"Finish: "&C12&" ("&TEXT(H12,"0.##")&" pts left)"))) -> No points attached | J12: Not counted in Phase 2 total | K12: C
A13: زیرساخت | B13: پروژه | C13: معماری مشخص | D13: 25 | E13: TRUE | G13: =IF(E13,D13,IF(F13="",0,MIN(MAX(F13,0),D13))) -> 25 | H13: =MAX(D13-G13,0) -> 0 | I13: =IF(D13=0,"No points attached",IF(G13=D13,"Done",IF(G13=0,"Do: "&C13,"Finish: "&C13&" ("&TEXT(H13,"0.##")&" pts left)"))) -> Done | J13: Not counted in Phase 2 total | K13: D
A14: منو‌ها (1475) | B14: مشترک (15) | C14: نمایش سکه و الماس | D14: 5 | E14: TRUE | G14: =IF(E14,D14,IF(F14="",0,MIN(MAX(F14,0),D14))) -> 5 | H14: =MAX(D14-G14,0) -> 0 | I14: =IF(D14=0,"No points attached",IF(G14=D14,"Done",IF(G14=0,"Do: "&C14,"Finish: "&C14&" ("&TEXT(H14,"0.##")&" pts left)"))) -> Done | J14: Mandatory | K14: E
A15: منو‌ها (1475) | B15: مشترک (15) | C15: افزودن سکه و الماس | D15: 10 | E15: TRUE | G15: =IF(E15,D15,IF(F15="",0,MIN(MAX(F15,0),D15))) -> 10 | H15: =MAX(D15-G15,0) -> 0 | I15: =IF(D15=0,"No points attached",IF(G15=D15,"Done",IF(G15=0,"Do: "&C15,"Finish: "&C15&" ("&TEXT(H15,"0.##")&" pts left)"))) -> Done | J15: Mandatory | K15: F
A16: منو‌ها (1475) | B16: منوی ثبت‌نام (25) | C16: دریافت اطلاعات | D16: 15 | E16: TRUE | G16: =IF(E16,D16,IF(F16="",0,MIN(MAX(F16,0),D16))) -> 15 | H16: =MAX(D16-G16,0) -> 0 | I16: =IF(D16=0,"No points attached",IF(G16=D16,"Done",IF(G16=0,"Do: "&C16,"Finish: "&C16&" ("&TEXT(H16,"0.##")&" pts left)"))) -> Done | J16: Mandatory | K16: G
A17: منو‌ها (1475) | B17: منوی ثبت‌نام (25) | C17: نمایش خطا‌ها | D17: 10 | E17: TRUE | G17: =IF(E17,D17,IF(F17="",0,MIN(MAX(F17,0),D17))) -> 10 | H17: =MAX(D17-G17,0) -> 0 | I17: =IF(D17=0,"No points attached",IF(G17=D17,"Done",IF(G17=0,"Do: "&C17,"Finish: "&C17&" ("&TEXT(H17,"0.##")&" pts left)"))) -> Done | J17: Mandatory | K17: H
A18: منو‌ها (1475) | B18: منوی ورود (45) | C18: دریافت اطلاعات | D18: 15 | E18: TRUE | G18: =IF(E18,D18,IF(F18="",0,MIN(MAX(F18,0),D18))) -> 15 | H18: =MAX(D18-G18,0) -> 0 | I18: =IF(D18=0,"No points attached",IF(G18=D18,"Done",IF(G18=0,"Do: "&C18,"Finish: "&C18&" ("&TEXT(H18,"0.##")&" pts left)"))) -> Done | J18: Mandatory | K18: I
A19: منو‌ها (1475) | B19: منوی ورود (45) | C19: فراموشی رمز | D19: 20 | E19: TRUE | G19: =IF(E19,D19,IF(F19="",0,MIN(MAX(F19,0),D19))) -> 20 | H19: =MAX(D19-G19,0) -> 0 | I19: =IF(D19=0,"No points attached",IF(G19=D19,"Done",IF(G19=0,"Do: "&C19,"Finish: "&C19&" ("&TEXT(H19,"0.##")&" pts left)"))) -> Done | J19: Mandatory | K19: J
A20: منو‌ها (1475) | B20: منوی ورود (45) | C20: نمایش خطا‌ها | D20: 10 | E20: TRUE | G20: =IF(E20,D20,IF(F20="",0,MIN(MAX(F20,0),D20))) -> 10 | H20: =MAX(D20-G20,0) -> 0 | I20: =IF(D20=0,"No points attached",IF(G20=D20,"Done",IF(G20=0,"Do: "&C20,"Finish: "&C20&" ("&TEXT(H20,"0.##")&" pts left)"))) -> Done | J20: Mandatory | K20: K
A21: منو‌ها (1475) | B21: منوی اصلی (15) | C21: اخبار خوانده نشده | D21: 5 | E21: TRUE | G21: =IF(E21,D21,IF(F21="",0,MIN(MAX(F21,0),D21))) -> 5 | H21: =MAX(D21-G21,0) -> 0 | I21: =IF(D21=0,"No points attached",IF(G21=D21,"Done",IF(G21=0,"Do: "&C21,"Finish: "&C21&" ("&TEXT(H21,"0.##")&" pts left)"))) -> Done | J21: Mandatory | K21: L
A22: منو‌ها (1475) | B22: منوی اصلی (15) | C22: کاربر فعلی | D22: 10 | E22: TRUE | G22: =IF(E22,D22,IF(F22="",0,MIN(MAX(F22,0),D22))) -> 10 | H22: =MAX(D22-G22,0) -> 0 | I22: =IF(D22=0,"No points attached",IF(G22=D22,"Done",IF(G22=0,"Do: "&C22,"Finish: "&C22&" ("&TEXT(H22,"0.##")&" pts left)"))) -> Done | J22: Mandatory | K22: M
... A244: امتیازی (835) | B244: زامباس ساحل (90) | C244: انیمیشن ظاهر کردن کوسه | D244: 15 | E244: FALSE | G244: =IF(E244,D244,IF(F244="",0,MIN(MAX(F244,0),D244))) -> 0 | H244: =MAX(D244-G244,0) -> 15 | I244: =IF(D244=0,"No points attached",IF(G244=D244,"Done",IF(G244=0,"Do: "&C244,"Finish: "&C244&" ("&TEXT(H244,"0.##")&" pts left)"))) -> Do: انیمیشن ظاهر کردن کوسه | J244: Bonus | K244: IA

Sheet _logic_p0
A1: Original column | B1: B | C1: C | D1: D | E1: E | F1: F | G1: G | H1: H | I1: I | J1: J | K1: K | L1: L | M1: M | N1: N | O1: O | P1: P | Q1: Q | R1: R | S1: S | T1: T | U1: U | V1: V | W1: W | X1: X | Y1: Y | Z1: Z | AA1: AA | AB1: AB | AC1: AC | AD1: AD | AE1: AE | AF1: AF | AG1: AG | AH1: AH | AI1: AI | AJ1: AJ | AK1: AK | AL1: AL | AM1: AM | AN1: AN | AO1: AO | AP1: AP | AQ1: AQ | AR1: AR | AS1: AS | AT1: AT | AU1: AU | AV1: AV | AW1: AW | AX1: AX | AY1: AY | AZ1: AZ | BA1: BA
A4: Max | B4: 5 | C4: 5 | D4: 5 | E4: 5 | F4: 5 | G4: 5 | H4: 5 | I4: 5 | J4: 5 | K4: 5 | L4: 5 | M4: 5 | N4: 5 | O4: 5 | P4: 5 | Q4: 5 | R4: 5 | S4: 5 | T4: 20 | U4: 5 | V4: 5 | W4: 5 | X4: 5 | Y4: 5 | Z4: 5 | AA4: 5 | AB4: 20 | AC4: 5 | AD4: 5 | AE4: 5 | AF4: 5 | AG4: 5 | AH4: 5 | AI4: 5 | AJ4: 5 | AK4: 5 | AL4: 5 | AM4: 5 | AN4: 5 | AO4: 5 | AP4: 5 | AQ4: 5 | AR4: 5 | AS4: 5 | AT4: 5 | AU4: 5 | AV4: 5 | AW4: 5 | AX4: 5 | AY4: 5 | AZ4: 100 | BA4: =SUM(B4:AZ4) -> 380
A5: One team | B5: ='Phase 0'!G11 -> 0 | C5: ='Phase 0'!G12 -> 0 | D5: ='Phase 0'!G13 -> 0 | E5: ='Phase 0'!G14 -> 0 | F5: ='Phase 0'!G15 -> 0 | G5: ='Phase 0'!G16 -> 0 | H5: ='Phase 0'!G17 -> 0 | I5: ='Phase 0'!G18 -> 0 | J5: ='Phase 0'!G19 -> 0 | K5: ='Phase 0'!G20 -> 0 | L5: ='Phase 0'!G21 -> 0 | M5: ='Phase 0'!G22 -> 0 | N5: ='Phase 0'!G23 -> 0 | O5: ='Phase 0'!G24 -> 0 | P5: ='Phase 0'!G25 -> 0 | Q5: ='Phase 0'!G26 -> 0 | R5: ='Phase 0'!G27 -> 0 | S5: ='Phase 0'!G28 -> 0 | T5: ='Phase 0'!G29 -> 0 | U5: ='Phase 0'!G30 -> 0 | V5: ='Phase 0'!G31 -> 0 | W5: ='Phase 0'!G32 -> 0 | X5: ='Phase 0'!G33 -> 0 | Y5: ='Phase 0'!G34 -> 0 | Z5: ='Phase 0'!G35 -> 0 | AA5: ='Phase 0'!G36 -> 0 | AB5: ='Phase 0'!G37 -> 0 | AC5: ='Phase 0'!G38 -> 0 | AD5: ='Phase 0'!G39 -> 0 | AE5: ='Phase 0'!G40 -> 0 | AF5: ='Phase 0'!G41 -> 0 | AG5: ='Phase 0'!G42 -> 0 | AH5: ='Phase 0'!G43 -> 0 | AI5: ='Phase 0'!G44 -> 0 | AJ5: ='Phase 0'!G45 -> 0 | AK5: ='Phase 0'!G46 -> 0 | AL5: ='Phase 0'!G47 -> 0 | AM5: ='Phase 0'!G48 -> 0 | AN5: ='Phase 0'!G49 -> 0 | AO5: ='Phase 0'!G50 -> 0 | AP5: ='Phase 0'!G51 -> 0 | AQ5: ='Phase 0'!G52 -> 0 | AR5: ='Phase 0'!G53 -> 0 | AS5: ='Phase 0'!G54 -> 0 | AT5: ='Phase 0'!G55 -> 0 | AU5: ='Phase 0'!G56 -> 0 | AV5: ='Phase 0'!G57 -> 0 | AW5: ='Phase 0'!G58 -> 0 | AX5: ='Phase 0'!G59 -> 0 | AY5: ='Phase 0'!G60 -> 0 | AZ5: ='Phase 0'!G61 -> 0 | BA5: =IF(SUM(B5:AZ5)=0,"",SUM(B5:AZ5))

Sheet _logic_p1
A1: Original column | B1: B | C1: C | D1: D | E1: E | F1: F | G1: G | H1: H | I1: I | J1: J | K1: K | L1: L | M1: M | N1: N | O1: O | P1: P | Q1: Q | R1: R | S1: S | T1: T | U1: U | V1: V | W1: W | X1: X | Y1: Y | Z1: Z | AA1: AA | AB1: AB | AC1: AC | AD1: AD | AE1: AE | AF1: AF | AG1: AG | AH1: AH | AI1: AI | AJ1: AJ | AK1: AK | AL1: AL | AM1: AM | AN1: AN | AO1: AO | AP1: AP | AQ1: AQ | AR1: AR | AS1: AS | AT1: AT | AU1: AU | AV1: AV | AW1: AW | AX1: AX | AY1: AY | AZ1: AZ | BA1: BA | BB1: BB | BC1: BC | BD1: BD | BE1: BE | BF1: BF | BG1: BG | BH1: BH | BI1: BI | BJ1: BJ | BK1: BK | BL1: BL | BM1: BM | BN1: BN | BO1: BO | BP1: BP | BQ1: BQ | BR1: BR | BS1: BS | BT1: BT | BU1: BU | BV1: BV | BW1: BW | BX1: BX | BY1: BY | BZ1: BZ | CA1: CA | CB1: CB | CC1: CC | CD1: CD | CE1: CE | CF1: CF | CG1: CG | CH1: CH | CI1: CI | CJ1: CJ | CK1: CK | CL1: CL | CM1: CM | CN1: CN | CO1: CO | CP1: CP | CQ1: CQ | CR1: CR | CS1: CS | CT1: CT | CU1: CU | CV1: CV | CW1: CW | CX1: CX | CY1: CY | CZ1: CZ | DA1: DA | DB1: DB | DC1: DC | DD1: DD | DE1: DE | DF1: DF | DG1: DG | DH1: DH | DI1: DI | DJ1: DJ | DK1: DK | DL1: DL | DM1: DM | DN1: DN | DO1: DO | DP1: DP | DQ1: DQ | DR1: DR | DS1: DS | DT1: DT | DU1: DU | DV1: DV | DW1: DW | DX1: DX | DY1: DY | DZ1: DZ | EA1: EA | EB1: EB | EC1: EC | ED1: ED | EE1: EE | EF1: EF
A4: Max | B4: 5 | C4: 0 | D4: 25 | E4: 15 | F4: 10 | G4: 2 | H4: 10 | I4: 10 | J4: 10 | K4: 5 | L4: 10 | M4: 5 | N4: 20 | O4: 10 | P4: 25 | R4: 10 | S4: 5 | T4: 5 | U4: 10 | V4: 5 | W4: 5 | X4: 5 | Y4: 5 | Z4: 15 | AA4: 15 | AB4: 5 | AC4: 10 | AD4: 10 | AE4: 30 | AF4: 5 | AG4: 200 | AH4: 25 | AI4: 15 | AJ4: 75 | AK4: 100 | AL4: 100 | AM4: 100 | AN4: 40 | AO4: 40 | AP4: 40 | AQ4: 40 | AR4: 8 | AS4: 20 | AT4: 250 | AU4: 10 | AV4: 25 | AW4: 40 | AX4: 10 | AY4: 30 | AZ4: 10 | BA4: 30 | BB4: 40 | BC4: 50 | BD4: 20 | BE4: 50 | BF4: 50 | BG4: 30 | BH4: 20 | BI4: 10 | BJ4: 10 | BK4: 25 | BL4: 50 | BM4: 50 | BN4: 30 | BO4: 50 | BP4: 10 | BQ4: 20 | BR4: 20 | BS4: 15 | BT4: 20 | BU4: 50 | BV4: 50 | BW4: 1100 | BX4: 6 | BY4: 15 | BZ4: 30 | CA4: 100 | CB4: 45 | CC4: 1000 | CD4: 12 | CE4: 100 | CF4: 100 | CG4: 25 | CH4: 10 | CI4: 10 | CJ4: 5 | CK4: 5 | CL4: 10 | CM4: 10 | CN4: 10 | CO4: 30 | CP4: 30 | CQ4: 10 | CR4: 10 | CS4: 40 | CT4: 10 | CU4: 5 | CV4: 1 | CW4: 1 | CX4: 25 | CY4: 25 | CZ4: 20 | DA4: 5 | DB4: 5 | DC4: 5 | DD4: 15 | DE4: 15 | DF4: 35 | DG4: 5 | DH4: 5 | DI4: 25 | DJ4: 15 | DK4: 15 | DL4: 5 | DM4: 2 | DN4: 1 | DO4: 1 | DP4: 1 | DQ4: 1 | DR4: 3 | DS4: 2 | DT4: 3 | DU4: 2 | DV4: 2 | DW4: 2 | DX4: 3 | DY4: 2 | DZ4: 400 | EE4: =SUM(B4:DZ4)-EF4 -> 5495 | EF4: =SUM(G4,AR4,CU4:CW4,DM4:DY4,CD4,BX4) -> 60
A5: One team | B5: ='Phase 1'!G11 -> 0 | C5: ='Phase 1'!G12 -> 0 | D5: ='Phase 1'!G13 -> 0 | E5: ='Phase 1'!G14 -> 0 | F5: ='Phase 1'!G15 -> 0 | G5: ='Phase 1'!G16 -> 0 | H5: ='Phase 1'!G17 -> 0 | I5: ='Phase 1'!G18 -> 0 | J5: ='Phase 1'!G19 -> 0 | K5: ='Phase 1'!G20 -> 0 | L5: ='Phase 1'!G21 -> 0 | M5: ='Phase 1'!G22 -> 0 | N5: ='Phase 1'!G23 -> 0 | O5: ='Phase 1'!G24 -> 0 | P5: ='Phase 1'!G25 -> 0 | R5: ='Phase 1'!G26 -> 0 | S5: ='Phase 1'!G27 -> 0 | T5: ='Phase 1'!G28 -> 0 | U5: ='Phase 1'!G29 -> 0 | V5: ='Phase 1'!G30 -> 0 | W5: ='Phase 1'!G31 -> 0 | X5: ='Phase 1'!G32 -> 0 | Y5: ='Phase 1'!G33 -> 0 | Z5: ='Phase 1'!G34 -> 0 | AA5: ='Phase 1'!G35 -> 0 | AB5: ='Phase 1'!G36 -> 0 | AC5: ='Phase 1'!G37 -> 0 | AD5: ='Phase 1'!G38 -> 0 | AE5: ='Phase 1'!G39 -> 0 | AF5: ='Phase 1'!G40 -> 0 | AG5: ='Phase 1'!G41 -> 0 | AH5: ='Phase 1'!G42 -> 0 | AI5: ='Phase 1'!G43 -> 0 | AJ5: ='Phase 1'!G44 -> 0 | AK5: ='Phase 1'!G45 -> 0 | AL5: ='Phase 1'!G46 -> 0 | AM5: ='Phase 1'!G47 -> 0 | AN5: ='Phase 1'!G48 -> 0 | AO5: ='Phase 1'!G49 -> 0 | AP5: ='Phase 1'!G50 -> 0 | AQ5: ='Phase 1'!G51 -> 0 | AR5: ='Phase 1'!G52 -> 0 | AS5: ='Phase 1'!G53 -> 0 | AT5: ='Phase 1'!G54 -> 0 | AU5: ='Phase 1'!G55 -> 0 | AV5: ='Phase 1'!G56 -> 0 | AW5: ='Phase 1'!G57 -> 0 | AX5: ='Phase 1'!G58 -> 0 | AY5: ='Phase 1'!G59 -> 0 | AZ5: ='Phase 1'!G60 -> 0 | BA5: ='Phase 1'!G61 -> 0 | BB5: ='Phase 1'!G62 -> 0 | BC5: ='Phase 1'!G63 -> 0 | BD5: ='Phase 1'!G64 -> 0 | BE5: ='Phase 1'!G65 -> 0 | BF5: ='Phase 1'!G66 -> 0 | BG5: ='Phase 1'!G67 -> 0 | BH5: ='Phase 1'!G68 -> 0 | BI5: ='Phase 1'!G69 -> 0 | BJ5: ='Phase 1'!G70 -> 0 | BK5: ='Phase 1'!G71 -> 0 | BL5: ='Phase 1'!G72 -> 0 | BM5: ='Phase 1'!G73 -> 0 | BN5: ='Phase 1'!G74 -> 0 | BO5: ='Phase 1'!G75 -> 0 | BP5: ='Phase 1'!G76 -> 0 | BQ5: ='Phase 1'!G77 -> 0 | BR5: ='Phase 1'!G78 -> 0 | BS5: ='Phase 1'!G79 -> 0 | BT5: ='Phase 1'!G80 -> 0 | BU5: ='Phase 1'!G81 -> 0 | BV5: ='Phase 1'!G82 -> 0 | BW5: ='Phase 1'!G83 -> 0 | BX5: ='Phase 1'!G84 -> 0 | BY5: ='Phase 1'!G85 -> 0 | BZ5: ='Phase 1'!G86 -> 0 | CA5: ='Phase 1'!G87 -> 0 | CB5: ='Phase 1'!G88 -> 0 | CC5: ='Phase 1'!G89 -> 0 | CD5: ='Phase 1'!G90 -> 0 | CE5: ='Phase 1'!G91 -> 0 | CF5: ='Phase 1'!G92 -> 0 | CG5: ='Phase 1'!G93 -> 0 | CH5: ='Phase 1'!G94 -> 0 | CI5: ='Phase 1'!G95 -> 0 | CJ5: ='Phase 1'!G96 -> 0 | CK5: ='Phase 1'!G97 -> 0 | CL5: ='Phase 1'!G98 -> 0 | CM5: ='Phase 1'!G99 -> 0 | CN5: ='Phase 1'!G100 -> 0 | CO5: ='Phase 1'!G101 -> 0 | CP5: ='Phase 1'!G102 -> 0 | CQ5: ='Phase 1'!G103 -> 0 | CR5: ='Phase 1'!G104 -> 0 | CS5: ='Phase 1'!G105 -> 0 | CT5: ='Phase 1'!G106 -> 0 | CU5: ='Phase 1'!G107 -> 0 | CV5: ='Phase 1'!G108 -> 0 | CW5: ='Phase 1'!G109 -> 0 | CX5: ='Phase 1'!G110 -> 0 | CY5: ='Phase 1'!G111 -> 0 | CZ5: ='Phase 1'!G112 -> 0 | DA5: ='Phase 1'!G113 -> 0 | DB5: ='Phase 1'!G114 -> 0 | DC5: ='Phase 1'!G115 -> 0 | DD5: ='Phase 1'!G116 -> 0 | DE5: ='Phase 1'!G117 -> 0 | DF5: ='Phase 1'!G118 -> 0 | DG5: ='Phase 1'!G119 -> 0 | DH5: ='Phase 1'!G120 -> 0 | DI5: ='Phase 1'!G121 -> 0 | DJ5: ='Phase 1'!G122 -> 0 | DK5: ='Phase 1'!G123 -> 0 | DL5: ='Phase 1'!G124 -> 0 | DM5: ='Phase 1'!G125 -> 0 | DN5: ='Phase 1'!G126 -> 0 | DO5: ='Phase 1'!G127 -> 0 | DP5: ='Phase 1'!G128 -> 0 | DQ5: ='Phase 1'!G129 -> 0 | DR5: ='Phase 1'!G130 -> 0 | DS5: ='Phase 1'!G131 -> 0 | DT5: ='Phase 1'!G132 -> 0 | DU5: ='Phase 1'!G133 -> 0 | DV5: ='Phase 1'!G134 -> 0 | DW5: ='Phase 1'!G135 -> 0 | DX5: ='Phase 1'!G136 -> 0 | DY5: ='Phase 1'!G137 -> 0 | DZ5: ='Phase 1'!G138 -> 0 | EE5: =SUM(B5:DZ5)-EF5 -> 0 | EF5: =SUM(G5,AR5,CU5:CW5,DM5:DY5,CD5,BX5) -> 0

Sheet _logic_p2
A1: Original column | B1: B | C1: C | D1: D | E1: E | F1: F | G1: G | H1: H | I1: I | J1: J | K1: K | L1: L | M1: M | N1: N | O1: O | P1: P | Q1: Q | R1: R | S1: S | T1: T | U1: U | V1: V | W1: W | X1: X | Y1: Y | Z1: Z | AA1: AA | AB1: AB | AC1: AC | AD1: AD | AE1: AE | AF1: AF | AG1: AG | AH1: AH | AI1: AI | AJ1: AJ | AK1: AK | AL1: AL | AM1: AM | AN1: AN | AO1: AO | AP1: AP | AQ1: AQ | AR1: AR | AS1: AS | AT1: AT | AU1: AU | AV1: AV | AW1: AW | AX1: AX | AY1: AY | AZ1: AZ | BA1: BA | BB1: BB | BC1: BC | BD1: BD | BE1: BE | BF1: BF | BG1: BG | BH1: BH | BI1: BI | BJ1: BJ | BK1: BK | BL1: BL | BM1: BM | BN1: BN | BO1: BO | BP1: BP | BQ1: BQ | BR1: BR | BS1: BS | BT1: BT | BU1: BU | BV1: BV | BW1: BW | BX1: BX | BY1: BY | BZ1: BZ | CA1: CA | CB1: CB | CC1: CC | CD1: CD | CE1: CE | CF1: CF | CG1: CG | CH1: CH | CI1: CI | CJ1: CJ | CK1: CK | CL1: CL | CM1: CM | CN1: CN | CO1: CO | CP1: CP | CQ1: CQ | CR1: CR | CS1: CS | CT1: CT | CU1: CU | CV1: CV | CW1: CW | CX1: CX | CY1: CY | CZ1: CZ | DA1: DA | DB1: DB | DC1: DC | DD1: DD | DE1: DE | DF1: DF | DG1: DG | DH1: DH | DI1: DI | DJ1: DJ | DK1: DK | DL1: DL | DM1: DM | DN1: DN | DO1: DO | DP1: DP | DQ1: DQ | DR1: DR | DS1: DS | DT1: DT | DU1: DU | DV1: DV | DW1: DW | DX1: DX | DY1: DY | DZ1: DZ | EA1: EA | EB1: EB | EC1: EC | ED1: ED | EE1: EE | EF1: EF | EG1: EG | EH1: EH | EI1: EI | EJ1: EJ | EK1: EK | EL1: EL | EM1: EM | EN1: EN | EO1: EO | EP1: EP | EQ1: EQ | ER1: ER | ES1: ES | ET1: ET | EU1: EU | EV1: EV | EW1: EW | EX1: EX | EY1: EY | EZ1: EZ | FA1: FA | FB1: FB | FC1: FC | FD1: FD | FE1: FE | FF1: FF | FG1: FG | FH1: FH | FI1: FI | FJ1: FJ | FK1: FK | FL1: FL | FM1: FM | FN1: FN | FO1: FO | FP1: FP | FQ1: FQ | FR1: FR | FS1: FS | FT1: FT | FU1: FU | FV1: FV | FW1: FW | FX1: FX | FY1: FY | FZ1: FZ | GA1: GA | GB1: GB | GC1: GC | GD1: GD | GE1: GE | GF1: GF | GG1: GG | GH1: GH | GI1: GI | GJ1: GJ | GK1: GK | GL1: GL | GM1: GM | GN1: GN | GO1: GO | GP1: GP | GQ1: GQ | GR1: GR | GS1: GS | GT1: GT | GU1: GU | GV1: GV | GW1: GW | GX1: GX | GY1: GY | GZ1: GZ | HA1: HA | HB1: HB | HC1: HC | HD1: HD | HE1: HE | HF1: HF | HG1: HG | HH1: HH | HI1: HI | HJ1: HJ | HK1: HK | HL1: HL | HM1: HM | HN1: HN | HO1: HO | HP1: HP | HQ1: HQ | HR1: HR | HS1: HS | HT1: HT | HU1: HU | HV1: HV | HW1: HW | HX1: HX | HY1: HY | HZ1: HZ | IA1: IA | IB1: IB | IC1: IC | ID1: ID | IE1: IE | IF1: IF | IG1: IG | IH1: IH | II1: II
A4: Max | B4: 5 | C4: 0 | D4: 25 | E4: 5 | F4: 10 | G4: 15 | H4: 10 | I4: 15 | J4: 20 | K4: 10 | L4: 5 | M4: 10 | N4: 10 | O4: 30 | P4: 10 | Q4: 40 | R4: 30 | S4: 25 | T4: 50 | U4: 50 | V4: 50 | W4: 50 | X4: 20 | Y4: 20 | Z4: 10 | AA4: 30 | AB4: 15 | AC4: 25 | AD4: 10 | AE4: 10 | AF4: 25 | AG4: 15 | AH4: 25 | AI4: 30 | AJ4: 15 | AK4: 40 | AL4: 20 | AM4: 20 | AN4: 20 | AO4: 25 | AP4: 30 | AQ4: 35 | AR4: 35 | AS4: 20 | AT4: 15 | AU4: 15 | AV4: 15 | AW4: 50 | AX4: 25 | AY4: 25 | AZ4: 25 | BA4: 15 | BB4: 15 | BC4: 15 | BD4: 10 | BE4: 15 | BF4: 20 | BG4: 15 | BH4: 15 | BI4: 15 | BJ4: 40 | BK4: 15 | BL4: 15 | BM4: 20 | BN4: 100 | BO4: 40 | BP4: 5 | BQ4: 25 | BR4: 25 | BS4: 5 | BT4: 25 | BU4: 25 | BV4: 25 | BW4: 25 | BX4: 60 | BY4: 50 | BZ4: 50 | CA4: 20 | CB4: 250 | CC4: 25 | CD4: 60 | CE4: 35 | CF4: 200 | CG4: 50 | CH4: 50 | CI4: 125 | CJ4: 75 | CK4: 100 | CL4: 25 | CM4: 25 | CN4: 30 | CO4: 35 | CP4: 25 | CQ4: 25 | CR4: 20 | CS4: 15 | CT4: 15 | CU4: 25 | CV4: 20 | CW4: 15 | CX4: 20 | CY4: 25 | CZ4: 15 | DA4: 20 | DB4: 25 | DC4: 20 | DD4: 20 | DE4: 15 | DF4: 50 | DG4: 20 | DH4: 15 | DI4: 20 | DJ4: 15 | DK4: 10 | DL4: 35 | DM4: 20 | DN4: 10 | DO4: 10 | DP4: 20 | DQ4: 5 | DR4: 20 | DS4: 25 | DT4: 30 | DU4: 25 | DV4: 35 | DW4: 25 | DX4: 25 | DY4: 10 | DZ4: 30 | EA4: 50 | EB4: 25 | EC4: 25 | ED4: 30 | EE4: 20 | EF4: 25 | EG4: 25 | EH4: 10 | EI4: 25 | EJ4: 50 | EK4: 20 | EL4: 10 | EM4: 15 | EN4: 25 | EO4: 15 | EP4: 15 | EQ4: 25 | ER4: 100 | ES4: 40 | ET4: 100 | EU4: 75 | EV4: 125 | EW4: 20 | EX4: 15 | EY4: 15 | EZ4: 15 | FA4: 15 | FB4: 15 | FC4: 30 | FD4: 15 | FE4: 35 | FF4: 25 | FG4: 40 | FH4: 40 | FI4: 25 | FJ4: 15 | FK4: 30 | FL4: 25 | FM4: 100 | FN4: 75 | FO4: 20 | FP4: 50 | FQ4: 15 | FR4: 15 | FS4: 35 | FT4: 10 | FU4: 125 | FV4: 35 | FW4: 30 | FX4: 35 | FY4: 50 | FZ4: 30 | GA4: 25 | GB4: 250 | GC4: 60 | GD4: 15 | GE4: 25 | GF4: 25 | GG4: 25 | GH4: 25 | GI4: 25 | GJ4: 150 | GK4: 60 | GL4: 175 | GM4: 35 | GN4: 50 | GO4: 55 | GP4: 30 | GQ4: 20 | GR4: 30 | GS4: 5 | GT4: 20 | GU4: 25 | GV4: 80 | GW4: 5 | GX4: 20 | GY4: 15 | GZ4: 25 | HA4: 30 | HB4: 25 | HC4: 30 | HD4: 40 | HE4: 10 | HF4: 15 | HG4: 15 | HH4: 15 | HI4: 15 | HJ4: 25 | HK4: 20 | HL4: 15 | HM4: 15 | HN4: 15 | HO4: 15 | HP4: 15 | HQ4: 15 | HR4: 25 | HS4: 15 | HT4: 15 | HU4: 15 | HV4: 15 | HW4: 15 | HX4: 30 | HY4: 15 | HZ4: 15 | IA4: 15 | IF4: =SUM(E4:EO4) -> 4045 | IG4: =SUM(EP4:GN4) -> 2425 | IH4: =IF4 -> 4045 | II4: =SUM(GO4:IA4) -> 835
A5: One team | B5: ='Phase 2'!G11 -> 5 | C5: ='Phase 2'!G12 -> 0 | D5: ='Phase 2'!G13 -> 25 | E5: ='Phase 2'!G14 -> 5 | F5: ='Phase 2'!G15 -> 10 | G5: ='Phase 2'!G16 -> 15 | H5: ='Phase 2'!G17 -> 10 | I5: ='Phase 2'!G18 -> 15 | J5: ='Phase 2'!G19 -> 20 | K5: ='Phase 2'!G20 -> 10 | L5: ='Phase 2'!G21 -> 5 | M5: ='Phase 2'!G22 -> 10 | N5: ='Phase 2'!G23 -> 10 | O5: ='Phase 2'!G24 -> 30 | P5: ='Phase 2'!G25 -> 10 | Q5: ='Phase 2'!G26 -> 40 | R5: ='Phase 2'!G27 -> 30 | S5: ='Phase 2'!G28 -> 25 | T5: ='Phase 2'!G29 -> 50 | U5: ='Phase 2'!G30 -> 50 | V5: ='Phase 2'!G31 -> 50 | W5: ='Phase 2'!G32 -> 50 | X5: ='Phase 2'!G33 -> 20 | Y5: ='Phase 2'!G34 -> 20 | Z5: ='Phase 2'!G35 -> 10 | AA5: ='Phase 2'!G36 -> 30 | AB5: ='Phase 2'!G37 -> 15 | AC5: ='Phase 2'!G38 -> 25 | AD5: ='Phase 2'!G39 -> 10 | AE5: ='Phase 2'!G40 -> 10 | AF5: ='Phase 2'!G41 -> 25 | AG5: ='Phase 2'!G42 -> 15 | AH5: ='Phase 2'!G43 -> 25 | AI5: ='Phase 2'!G44 -> 30 | AJ5: ='Phase 2'!G45 -> 15 | AK5: ='Phase 2'!G46 -> 40 | AL5: ='Phase 2'!G47 -> 20 | AM5: ='Phase 2'!G48 -> 20 | AN5: ='Phase 2'!G49 -> 20 | AO5: ='Phase 2'!G50 -> 25 | AP5: ='Phase 2'!G51 -> 30 | AQ5: ='Phase 2'!G52 -> 35 | AR5: ='Phase 2'!G53 -> 35 | AS5: ='Phase 2'!G54 -> 20 | AT5: ='Phase 2'!G55 -> 15 | AU5: ='Phase 2'!G56 -> 15 | AV5: ='Phase 2'!G57 -> 15 | AW5: ='Phase 2'!G58 -> 50 | AX5: ='Phase 2'!G59 -> 25 | AY5: ='Phase 2'!G60 -> 25 | AZ5: ='Phase 2'!G61 -> 25 | BA5: ='Phase 2'!G62 -> 15 | BB5: ='Phase 2'!G63 -> 15 | BC5: ='Phase 2'!G64 -> 15 | BD5: ='Phase 2'!G65 -> 10 | BE5: ='Phase 2'!G66 -> 15 | BF5: ='Phase 2'!G67 -> 20 | BG5: ='Phase 2'!G68 -> 15 | BH5: ='Phase 2'!G69 -> 15 | BI5: ='Phase 2'!G70 -> 15 | BJ5: ='Phase 2'!G71 -> 40 | BK5: ='Phase 2'!G72 -> 15 | BL5: ='Phase 2'!G73 -> 15 | BM5: ='Phase 2'!G74 -> 20 | BN5: ='Phase 2'!G75 -> 100 | BO5: ='Phase 2'!G76 -> 40 | BP5: ='Phase 2'!G77 -> 5 | BQ5: ='Phase 2'!G78 -> 0 | BR5: ='Phase 2'!G79 -> 25 | BS5: ='Phase 2'!G80 -> 5 | BT5: ='Phase 2'!G81 -> 25 | BU5: ='Phase 2'!G82 -> 25 | BV5: ='Phase 2'!G83 -> 25 | BW5: ='Phase 2'!G84 -> 25 | BX5: ='Phase 2'!G85 -> 0 | BY5: ='Phase 2'!G86 -> 50 | BZ5: ='Phase 2'!G87 -> 50 | CA5: ='Phase 2'!G88 -> 20 | CB5: ='Phase 2'!G89 -> 250 | CC5: ='Phase 2'!G90 -> 25 | CD5: ='Phase 2'!G91 -> 0 | CE5: ='Phase 2'!G92 -> 35 | CF5: ='Phase 2'!G93 -> 200 | CG5: ='Phase 2'!G94 -> 50 | CH5: ='Phase 2'!G95 -> 0 | CI5: ='Phase 2'!G96 -> 125 | CJ5: ='Phase 2'!G97 -> 75 | CK5: ='Phase 2'!G98 -> 100 | CL5: ='Phase 2'!G99 -> 25 | CM5: ='Phase 2'!G100 -> 25 | CN5: ='Phase 2'!G101 -> 30 | CO5: ='Phase 2'!G102 -> 35 | CP5: ='Phase 2'!G103 -> 0 | CQ5: ='Phase 2'!G104 -> 0 | CR5: ='Phase 2'!G105 -> 20 | CS5: ='Phase 2'!G106 -> 15 | CT5: ='Phase 2'!G107 -> 15 | CU5: ='Phase 2'!G108 -> 25 | CV5: ='Phase 2'!G109 -> 20 | CW5: ='Phase 2'!G110 -> 15 | CX5: ='Phase 2'!G111 -> 20 | CY5: ='Phase 2'!G112 -> 25 | CZ5: ='Phase 2'!G113 -> 0 | DA5: ='Phase 2'!G114 -> 0 | DB5: ='Phase 2'!G115 -> 0 | DC5: ='Phase 2'!G116 -> 20 | DD5: ='Phase 2'!G117 -> 20 | DE5: ='Phase 2'!G118 -> 15 | DF5: ='Phase 2'!G119 -> 50 | DG5: ='Phase 2'!G120 -> 20 | DH5: ='Phase 2'!G121 -> 15 | DI5: ='Phase 2'!G122 -> 20 | DJ5: ='Phase 2'!G123 -> 15 | DK5: ='Phase 2'!G124 -> 10 | DL5: ='Phase 2'!G125 -> 35 | DM5: ='Phase 2'!G126 -> 20 | DN5: ='Phase 2'!G127 -> 10 | DO5: ='Phase 2'!G128 -> 10 | DP5: ='Phase 2'!G129 -> 20 | DQ5: ='Phase 2'!G130 -> 5 | DR5: ='Phase 2'!G131 -> 20 | DS5: ='Phase 2'!G132 -> 25 | DT5: ='Phase 2'!G133 -> 30 | DU5: ='Phase 2'!G134 -> 25 | DV5: ='Phase 2'!G135 -> 35 | DW5: ='Phase 2'!G136 -> 25 | DX5: ='Phase 2'!G137 -> 25 | DY5: ='Phase 2'!G138 -> 10 | DZ5: ='Phase 2'!G139 -> 30 | EA5: ='Phase 2'!G140 -> 50 | EB5: ='Phase 2'!G141 -> 25 | EC5: ='Phase 2'!G142 -> 25 | ED5: ='Phase 2'!G143 -> 30 | EE5: ='Phase 2'!G144 -> 20 | EF5: ='Phase 2'!G145 -> 25 | EG5: ='Phase 2'!G146 -> 25 | EH5: ='Phase 2'!G147 -> 10 | EI5: ='Phase 2'!G148 -> 25 | EJ5: ='Phase 2'!G149 -> 50 | EK5: ='Phase 2'!G150 -> 20 | EL5: ='Phase 2'!G151 -> 10 | EM5: ='Phase 2'!G152 -> 15 | EN5: ='Phase 2'!G153 -> 25 | EO5: ='Phase 2'!G154 -> 15 | EP5: ='Phase 2'!G155 -> 0 | EQ5: ='Phase 2'!G156 -> 0 | ER5: ='Phase 2'!G157 -> 0 | ES5: ='Phase 2'!G158 -> 0 | ET5: ='Phase 2'!G159 -> 0 | EU5: ='Phase 2'!G160 -> 0 | EV5: ='Phase 2'!G161 -> 0 | EW5: ='Phase 2'!G162 -> 0 | EX5: ='Phase 2'!G163 -> 15 | EY5: ='Phase 2'!G164 -> 15 | EZ5: ='Phase 2'!G165 -> 15 | FA5: ='Phase 2'!G166 -> 0 | FB5: ='Phase 2'!G167 -> 0 | FC5: ='Phase 2'!G168 -> 30 | FD5: ='Phase 2'!G169 -> 15 | FE5: ='Phase 2'!G170 -> 35 | FF5: ='Phase 2'!G171 -> 0 | FG5: ='Phase 2'!G172 -> 40 | FH5: ='Phase 2'!G173 -> 40 | FI5: ='Phase 2'!G174 -> 0 | FJ5: ='Phase 2'!G175 -> 0 | FK5: ='Phase 2'!G176 -> 0 | FL5: ='Phase 2'!G177 -> 0 | FM5: ='Phase 2'!G178 -> 0 | FN5: ='Phase 2'!G179 -> 0 | FO5: ='Phase 2'!G180 -> 0 | FP5: ='Phase 2'!G181 -> 0 | FQ5: ='Phase 2'!G182 -> 0 | FR5: ='Phase 2'!G183 -> 0 | FS5: ='Phase 2'!G184 -> 0 | FT5: ='Phase 2'!G185 -> 0 | FU5: ='Phase 2'!G186 -> 125 | FV5: ='Phase 2'!G187 -> 35 | FW5: ='Phase 2'!G188 -> 0 | FX5: ='Phase 2'!G189 -> 0 | FY5: ='Phase 2'!G190 -> 0 | FZ5: ='Phase 2'!G191 -> 0 | GA5: ='Phase 2'!G192 -> 0 | GB5: ='Phase 2'!G193 -> 0 | GC5: ='Phase 2'!G194 -> 0 | GD5: ='Phase 2'!G195 -> 0 | GE5: ='Phase 2'!G196 -> 0 | GF5: ='Phase 2'!G197 -> 0 | GG5: ='Phase 2'!G198 -> 0 | GH5: ='Phase 2'!G199 -> 0 | GI5: ='Phase 2'!G200 -> 0 | GJ5: ='Phase 2'!G201 -> 0 | GK5: ='Phase 2'!G202 -> 0 | GL5: ='Phase 2'!G203 -> 0 | GM5: ='Phase 2'!G204 -> 0 | GN5: ='Phase 2'!G205 -> 0 | GO5: ='Phase 2'!G206 -> 0 | GP5: ='Phase 2'!G207 -> 0 | GQ5: ='Phase 2'!G208 -> 0 | GR5: ='Phase 2'!G209 -> 0 | GS5: ='Phase 2'!G210 -> 0 | GT5: ='Phase 2'!G211 -> 0 | GU5: ='Phase 2'!G212 -> 0 | GV5: ='Phase 2'!G213 -> 0 | GW5: ='Phase 2'!G214 -> 0 | GX5: ='Phase 2'!G215 -> 0 | GY5: ='Phase 2'!G216 -> 0 | GZ5: ='Phase 2'!G217 -> 0 | HA5: ='Phase 2'!G218 -> 0 | HB5: ='Phase 2'!G219 -> 0 | HC5: ='Phase 2'!G220 -> 0 | HD5: ='Phase 2'!G221 -> 0 | HE5: ='Phase 2'!G222 -> 0 | HF5: ='Phase 2'!G223 -> 0 | HG5: ='Phase 2'!G224 -> 0 | HH5: ='Phase 2'!G225 -> 0 | HI5: ='Phase 2'!G226 -> 0 | HJ5: ='Phase 2'!G227 -> 0 | HK5: ='Phase 2'!G228 -> 0 | HL5: ='Phase 2'!G229 -> 0 | HM5: ='Phase 2'!G230 -> 0 | HN5: ='Phase 2'!G231 -> 0 | HO5: ='Phase 2'!G232 -> 0 | HP5: ='Phase 2'!G233 -> 0 | HQ5: ='Phase 2'!G234 -> 0 | HR5: ='Phase 2'!G235 -> 0 | HS5: ='Phase 2'!G236 -> 0 | HT5: ='Phase 2'!G237 -> 0 | HU5: ='Phase 2'!G238 -> 0 | HV5: ='Phase 2'!G239 -> 0 | HW5: ='Phase 2'!G240 -> 0 | HX5: ='Phase 2'!G241 -> 0 | HY5: ='Phase 2'!G242 -> 0 | HZ5: ='Phase 2'!G243 -> 0 | IA5: ='Phase 2'!G244 -> 0 | IF5: =SUM(E5:EO5) -> 3740 | IG5: =SUM(EP5:GN5) -> 365 | IH5: =MIN(IF5+IG5,IF4) -> 4045 | II5: =MIN(SUM(GO5:IA5,MAX(IG5+IF5-IF4,0)/3),II4) -> 20
